set echo on;
ALTER session SET nls_date_format='DD-MM-YYYY';

INSERT INTO Budova VALUES (10,'Praha 6','Fakultni','5');
INSERT INTO Budova VALUES (11,'Praha 6','Fakultni','6');
INSERT INTO Budova VALUES (12,'Praha 6','Fakultni','10');

INSERT INTO Ucebna VALUES (101,1,10,10);
INSERT INTO Ucebna VALUES (102,1,10,10);
INSERT INTO Ucebna VALUES (201,2,10,15);
INSERT INTO Ucebna VALUES (401,4,10,10);
INSERT INTO Ucebna VALUES (301,3,11,15);
INSERT INTO Ucebna VALUES (503,5,11,8);
INSERT INTO Ucebna VALUES (504,5,11,10);
INSERT INTO Ucebna VALUES (101,1,12,10);
INSERT INTO Ucebna VALUES (201,2,12,8);

INSERT INTO Katedra VALUES (10000,'katedra teoretické informatiky');
INSERT INTO Katedra VALUES (10001,'katedra aplikované matematiky');
INSERT INTO Katedra VALUES (10002,'katedra počítačových systémů');
INSERT INTO Katedra VALUES (10003,'katedra číslicového návrhu');

INSERT INTO Kolej VALUES ('Koudelka','Praha 6','Koudelkova','23');
INSERT INTO Kolej VALUES ('Louzice','Praha 7','Louzicka','14');
INSERT INTO Kolej VALUES ('Fouskov','Praha 6','Fouskova','1');

INSERT INTO Sport VALUES ('Fotbal',NULL);
INSERT INTO Sport VALUES ('Hokej',NULL);
INSERT INTO Sport VALUES ('Tenis',NULL);
INSERT INTO Sport VALUES ('Curling',NULL);

INSERT INTO Predmet VALUES ('BI-EP1','Efektivní programování 1','ZK',6,10000);
INSERT INTO Predmet VALUES ('BI-PA1','Programování a algoritmizace 1','ZK',6,10000);
INSERT INTO Predmet VALUES ('BI-PA2','Programování a algoritmizace 2','ZK',7,10000);
INSERT INTO Predmet VALUES ('BI-ZUM','Základy umělé inteligence','KZ',4,10000);
INSERT INTO Predmet VALUES ('BI-HMI','Historie matematiky a informatiky','Z',4,10001);
INSERT INTO Predmet VALUES ('BI-LIN','Lineární algebra','ZK',7,10001);
INSERT INTO Predmet VALUES ('BI-MLO','Matematická logika','ZK',5,10001);
INSERT INTO Predmet VALUES ('BI-ZMA','Základy matematické analýzy','ZK',6,10001);
INSERT INTO Predmet VALUES ('BI-BEZ','Bezpečnost','Z',5,10002);
INSERT INTO Predmet VALUES ('BI-PS1','Programování v shellu 1','KZ',6,10002);
INSERT INTO Predmet VALUES ('BI-PSI','Počítačové sítě','ZK',6,10002);

INSERT INTO Zamestnanec VALUES (2000,'Matěj','Medovarský','7-9-1972',792031397,'lccq5@fis.cz','doc.,RNDr.,Ing.,Ph.D.','1-8-2010','ucitel',30000,10000);
INSERT INTO Zamestnanec VALUES (2001,'Riana','Karlická','18-9-1964',648989992,'rntm7@fis.cz','RNDr.,Ph.D.','1-8-2009','ucitel',30000,10000);
INSERT INTO Zamestnanec VALUES (2002,'Lars','Zámyslický','26-7-1977',702527720,'dmml8@fis.cz','Ing.','1-8-2012','ucitel',30000,10000);
INSERT INTO Zamestnanec VALUES (2003,'Maja','Pohořalá','13-7-1975',682929956,'lssq9@fis.cz','Ing.,Ph.D.','1-8-2013','ucitel',30000,10000);
INSERT INTO Zamestnanec VALUES (2004,'Záviš','Kamenský','28-9-1959',748856787,'horm34@fis.cz','doc.,RNDr.,Ing.,Ph.D.','1-8-2010','ucitel',30000,10001);
INSERT INTO Zamestnanec VALUES (2005,'Luisa','Glavatá','18-7-1987',784352329,'aglb36@fis.cz','Ing.,Ph.D.','1-8-2016','ucitel',30000,10001);
INSERT INTO Zamestnanec VALUES (2006,'Erich','Bičovský','20-2-1973',663179968,'rjqq42@fis.cz','Mgr.','1-8-2011','ucitel',30000,10001);
INSERT INTO Zamestnanec VALUES (2007,'Otmar','Žulavský','5-3-1979',701382222,'tbds45@fis.cz','Bc.','1-8-2010','ucitel',30000,10002);
INSERT INTO Zamestnanec VALUES (2008,'Felicie','Radecká','12-6-1973',625899555,'otrr46@fis.cz','Ing.,Ph.D.','1-8-2011','ucitel',30000,10002);
INSERT INTO Zamestnanec VALUES (2009,'Verner','Adamů','28-12-1974',625940652,'odkp56@fis.cz','Ing.','1-8-2002','ucitel',30000,10002);
INSERT INTO Zamestnanec VALUES (2010,'Doris','Pražská','23-3-1978',646388831,'mpcd47@fis.cz',NULL,'1-8-2013','referent',20000,NULL);
INSERT INTO Zamestnanec VALUES (2011,'Kilián','Pokorný','17-3-1978',614442716,'trog23@fis.cz','Ing.','1-8-2013','spravce site',20000,NULL);

INSERT INTO Student VALUES (1000,'Marita'		,'Bartošová'	,'30-10-1996'	,688108226	,'bts1380@fis.cz'	,NULL	,2015	,NULL);
INSERT INTO Student VALUES (1001,'Konzuela'		,'Moravcová'	,'13-4-1996'	,733007224	,'tid1381@fis.cz'	,NULL	,2015	,NULL);
INSERT INTO Student VALUES (1002,'Leander'		,'Voborský'		,'10-3-1992'	,631465750	,'aeh1382@fis.cz'	,NULL	,2015	,NULL);
INSERT INTO Student VALUES (1003,'Robina'		,'Koberská'		,'13-1-1996'	,784263108	,'sme1383@fis.cz'	,NULL	,2015	,'Fouskov');
INSERT INTO Student VALUES (1004,'Bernard'		,'Kopečný'		,'10-3-1993'	,729492740	,'dsn1384@fis.cz'	,NULL	,2015	,'Fouskov');
INSERT INTO Student VALUES (1005,'Senta'		,'Michlovská'	,'23-6-1993'	,667560312	,'lcp1385@fis.cz'	,NULL	,2015	,'Fouskov');
INSERT INTO Student VALUES (1006,'Gudrun'		,'Polesná'		,'25-5-1996'	,774795576	,'erm1386@fis.cz'	,NULL	,2015	,NULL);
INSERT INTO Student VALUES (1007,'Marian'		,'Kunský'		,'4-8-1995'		,642087525	,'kcc1387@fis.cz'	,NULL	,2015	,NULL);
INSERT INTO Student VALUES (1008,'Albena'		,'Podkonická'	,'21-7-1996'	,701619424	,'jgo1388@fis.cz'	,NULL	,2015	,NULL);
INSERT INTO Student VALUES (1009,'Dobromír'		,'Zákravský'	,'15-2-1994'	,768976818	,'rrf1389@fis.cz'	,NULL	,2015	,NULL);
INSERT INTO Student VALUES (1010,'Viviana'		,'Nekolná'		,'9-9-1994'		,665462341	,'pfm1390@fis.cz'	,NULL	,2014	,NULL);
INSERT INTO Student VALUES (1011,'Timotej'		,'Pavlů'		,'24-1-1994'	,714341569	,'sfe1391@fis.cz'	,NULL	,2014	,NULL);
INSERT INTO Student VALUES (1012,'Isolda'		,'Kaňkovská'	,'20-9-1992'	,771959561	,'ddn1392@fis.cz'	,NULL	,2014	,'Koudelka');
INSERT INTO Student VALUES (1013,'Konstantýn'	,'Kalců'		,'10-8-1994'	,676229845	,'lda1393@fis.cz'	,NULL	,2014	,'Louzice');
INSERT INTO Student VALUES (1014,'Médea'		,'Kubšovská'	,'19-6-1992'	,767282776	,'fft1394@fis.cz'	,NULL	,2014	,'Louzice');
INSERT INTO Student VALUES (1015,'Radim'		,'Budínský'		,'26-5-1995'	,620808924	,'jkb1395@fis.cz'	,NULL	,2014	,'Koudelka');
INSERT INTO Student VALUES (1016,'Jaroslav'		,'Vejvančický'	,'9-2-1992'		,691570375	,'mcg1396@fis.cz'	,NULL	,2014	,'Koudelka');
INSERT INTO Student VALUES (1017,'Rosamunda'	,'Písecká'		,'3-10-1995'	,647659361	,'qhg1397@fis.cz'	,NULL	,2014	,'Koudelka');
INSERT INTO Student VALUES (1018,'Marlena'		,'Berounská'	,'14-7-1994'	,725513825	,'bph1398@fis.cz'	,NULL	,2014	,NULL);
INSERT INTO Student VALUES (1019,'Klotylda'		,'Leščinská'	,'7-8-1995'		,752114529	,'hhh1399@fis.cz'	,NULL	,2014	,'Louzice');

INSERT INTO Zapis VALUES (1,2015,'Zimni','BI-PA1',1000,101,10,2000);
INSERT INTO Zapis VALUES (2,2015,'Zimni','BI-PA1',1001,101,10,2000);
INSERT INTO Zapis VALUES (3,2015,'Zimni','BI-PA1',1002,101,10,2000);
INSERT INTO Zapis VALUES (4,2015,'Zimni','BI-PA1',1003,101,10,2000);
INSERT INTO Zapis VALUES (5,2015,'Zimni','BI-PA1',1004,101,10,2000);
INSERT INTO Zapis VALUES (6,2015,'Zimni','BI-PA1',1005,101,10,2000);
INSERT INTO Zapis VALUES (7,2015,'Zimni','BI-PA1',1006,101,10,2000);
INSERT INTO Zapis VALUES (8,2015,'Zimni','BI-PA1',1007,101,10,2000);
INSERT INTO Zapis VALUES (9,2015,'Zimni','BI-PA1',1008,101,10,2000);
INSERT INTO Zapis VALUES (10,2015,'Zimni','BI-ZMA',1004,102,10,2004);
INSERT INTO Zapis VALUES (11,2015,'Zimni','BI-ZMA',1005,102,10,2004);
INSERT INTO Zapis VALUES (12,2015,'Zimni','BI-ZMA',1006,102,10,2004);
INSERT INTO Zapis VALUES (13,2015,'Zimni','BI-ZMA',1007,102,10,2004);
INSERT INTO Zapis VALUES (14,2015,'Zimni','BI-ZMA',1008,102,10,2004);
INSERT INTO Zapis VALUES (15,2015,'Zimni','BI-ZMA',1009,102,10,2004);
INSERT INTO Zapis VALUES (16,2015,'Zimni','BI-MLO',1002,301,11,2005);
INSERT INTO Zapis VALUES (17,2015,'Zimni','BI-MLO',1003,301,11,2005);
INSERT INTO Zapis VALUES (18,2015,'Zimni','BI-MLO',1004,301,11,2005);
INSERT INTO Zapis VALUES (19,2015,'Zimni','BI-MLO',1005,301,11,2005);
INSERT INTO Zapis VALUES (20,2015,'Zimni','BI-MLO',1006,301,11,2005);
INSERT INTO Zapis VALUES (21,2014,'Zimni','BI-PS1',1010,201,10,2008);
INSERT INTO Zapis VALUES (22,2014,'Zimni','BI-PS1',1011,201,10,2008);
INSERT INTO Zapis VALUES (23,2014,'Zimni','BI-PS1',1012,201,10,2008);
INSERT INTO Zapis VALUES (24,2014,'Zimni','BI-PS1',1013,201,10,2008);
INSERT INTO Zapis VALUES (25,2014,'Zimni','BI-PS1',1014,201,10,2008);
INSERT INTO Zapis VALUES (26,2014,'Zimni','BI-PS1',1015,201,10,2008);
INSERT INTO Zapis VALUES (27,2014,'Zimni','BI-PS1',1016,201,10,2008);
INSERT INTO Zapis VALUES (28,2014,'Zimni','BI-PS1',1017,201,10,2008);
INSERT INTO Zapis VALUES (29,2014,'Zimni','BI-PS1',1018,201,10,2008);
INSERT INTO Zapis VALUES (30,2014,'Zimni','BI-PS1',1019,201,10,2008);
INSERT INTO Zapis VALUES (31,2014,'Zimni','BI-EP1',1016,504,11,2005);
INSERT INTO Zapis VALUES (32,2014,'Zimni','BI-EP1',1017,504,11,2005);
INSERT INTO Zapis VALUES (33,2014,'Zimni','BI-EP1',1018,504,11,2005);
INSERT INTO Zapis VALUES (34,2014,'Zimni','BI-EP1',1019,504,11,2005);
INSERT INTO Zapis VALUES (35,2014,'Zimni','BI-ZUM',1013,101,10,2002);
INSERT INTO Zapis VALUES (36,2014,'Zimni','BI-ZUM',1014,101,10,2002);
INSERT INTO Zapis VALUES (37,2014,'Zimni','BI-ZUM',1015,101,10,2002);
INSERT INTO Zapis VALUES (38,2014,'Zimni','BI-ZUM',1016,101,10,2002);
INSERT INTO Zapis VALUES (39,2014,'Zimni','BI-ZUM',1017,101,10,2002);
INSERT INTO Zapis VALUES (40,2014,'Zimni','BI-ZUM',1018,101,10,2002);
INSERT INTO Zapis VALUES (41,2014,'Zimni','BI-LIN',1013,102,10,2000);
INSERT INTO Zapis VALUES (42,2014,'Zimni','BI-LIN',1014,102,10,2000);
INSERT INTO Zapis VALUES (43,2014,'Zimni','BI-LIN',1015,102,10,2000);
INSERT INTO Zapis VALUES (44,2014,'Zimni','BI-LIN',1016,102,10,2000);
INSERT INTO Zapis VALUES (45,2014,'Zimni','BI-LIN',1017,102,10,2000);
INSERT INTO Zapis VALUES (46,2014,'Zimni','BI-LIN',1018,102,10,2000);
INSERT INTO Zapis VALUES (47,2014,'Zimni','BI-LIN',1013,102,10,2000);
INSERT INTO Zapis VALUES (48,2014,'Zimni','BI-LIN',1014,102,10,2000);
INSERT INTO Zapis VALUES (49,2015,'Letni','BI-EP1',1010,401,10,2003);
INSERT INTO Zapis VALUES (50,2015,'Letni','BI-EP1',1011,401,10,2003);
INSERT INTO Zapis VALUES (51,2015,'Letni','BI-EP1',1012,401,10,2003);
INSERT INTO Zapis VALUES (52,2015,'Letni','BI-EP1',1013,401,10,2003);
INSERT INTO Zapis VALUES (53,2015,'Letni','BI-EP1',1014,401,10,2003);
INSERT INTO Zapis VALUES (54,2015,'Letni','BI-EP1',1015,401,10,2003);
INSERT INTO Zapis VALUES (55,2015,'Letni','BI-PA2',1012,201,10,2002);
INSERT INTO Zapis VALUES (56,2015,'Letni','BI-PA2',1013,201,10,2002);
INSERT INTO Zapis VALUES (57,2015,'Letni','BI-PA2',1014,201,10,2002);
INSERT INTO Zapis VALUES (58,2015,'Letni','BI-PA2',1015,201,10,2002);
INSERT INTO Zapis VALUES (59,2015,'Letni','BI-PA2',1016,201,10,2002);
INSERT INTO Zapis VALUES (60,2015,'Letni','BI-PA2',1017,201,10,2002);
INSERT INTO Zapis VALUES (61,2015,'Letni','BI-PA2',1018,201,10,2002);
INSERT INTO Zapis VALUES (62,2015,'Letni','BI-BEZ',1015,101,12,2007);
INSERT INTO Zapis VALUES (63,2015,'Letni','BI-BEZ',1016,101,12,2007);
INSERT INTO Zapis VALUES (64,2015,'Letni','BI-BEZ',1017,101,12,2007);
INSERT INTO Zapis VALUES (65,2015,'Letni','BI-BEZ',1018,101,12,2007);
INSERT INTO Zapis VALUES (66,2015,'Letni','BI-BEZ',1019,101,12,2007);
INSERT INTO Zapis VALUES (67,2015,'Letni','BI-ZMA',1010,201,12,2004);
INSERT INTO Zapis VALUES (68,2015,'Letni','BI-ZMA',1011,201,12,2004);
INSERT INTO Zapis VALUES (69,2015,'Letni','BI-ZMA',1012,201,12,2004);
INSERT INTO Zapis VALUES (70,2015,'Letni','BI-ZMA',1013,201,12,2004);
INSERT INTO Zapis VALUES (71,2015,'Letni','BI-ZMA',1014,201,12,2004);
INSERT INTO Zapis VALUES (72,2015,'Letni','BI-ZMA',1015,201,12,2004);
INSERT INTO Zapis VALUES (73,2015,'Letni','BI-ZMA',1016,201,12,2004);
INSERT INTO Zapis VALUES (74,2015,'Letni','BI-ZMA',1017,201,12,2004);
INSERT INTO Zapis VALUES (75,2015,'Letni','BI-HMI',1010,503,11,2000);
INSERT INTO Zapis VALUES (76,2015,'Letni','BI-HMI',1011,503,11,2000);
INSERT INTO Zapis VALUES (77,2015,'Letni','BI-HMI',1012,503,11,2000);
INSERT INTO Zapis VALUES (78,2015,'Letni','BI-HMI',1013,503,11,2000);

INSERT INTO Zapis_Sport VALUES ( 1,2014,'Zimni','Hokej',1010);
INSERT INTO Zapis_Sport VALUES ( 2,2014,'Zimni','Hokej',1011);
INSERT INTO Zapis_Sport VALUES ( 3,2014,'Zimni','Hokej',1012);
INSERT INTO Zapis_Sport VALUES ( 4,2014,'Zimni','Hokej',1013);
INSERT INTO Zapis_Sport VALUES ( 5,2015,'Letni','Fotbal',1011);
INSERT INTO Zapis_Sport VALUES ( 6,2015,'Letni','Fotbal',1012);
INSERT INTO Zapis_Sport VALUES ( 7,2015,'Letni','Fotbal',1013);
INSERT INTO Zapis_Sport VALUES ( 8,2015,'Letni','Fotbal',1014);
INSERT INTO Zapis_Sport VALUES ( 9,2015,'Letni','Fotbal',1015);
INSERT INTO Zapis_Sport VALUES (10,2015,'Letni','Tenis',1013);
INSERT INTO Zapis_Sport VALUES (11,2015,'Letni','Tenis',1014);
INSERT INTO Zapis_Sport VALUES (12,2015,'Letni','Tenis',1015);
INSERT INTO Zapis_Sport VALUES (13,2015,'Letni','Tenis',1016);
INSERT INTO Zapis_Sport VALUES (14,2015,'Letni','Tenis',1017);
INSERT INTO Zapis_Sport VALUES (15,2015,'Zimni','Curling',1005);
INSERT INTO Zapis_Sport VALUES (16,2015,'Zimni','Curling',1006);
INSERT INTO Zapis_Sport VALUES (17,2015,'Zimni','Curling',1007);
INSERT INTO Zapis_Sport VALUES (18,2015,'Zimni','Curling',1008);
INSERT INTO Zapis_Sport VALUES (19,2015,'Zimni','Curling',1009);
INSERT INTO Zapis_Sport VALUES (20,2015,'Zimni','Curling',1010);
INSERT INTO Zapis_Sport VALUES (21,2015,'Zimni','Curling',1012);
INSERT INTO Zapis_Sport VALUES (22,2015,'Zimni','Curling',1013);
INSERT INTO Zapis_Sport VALUES (23,2015,'Zimni','Curling',1014);
INSERT INTO Zapis_Sport VALUES (24,2016,'Letni','Tenis',1000);
INSERT INTO Zapis_Sport VALUES (25,2016,'Letni','Tenis',1001);
INSERT INTO Zapis_Sport VALUES (26,2016,'Letni','Tenis',1002);
INSERT INTO Zapis_Sport VALUES (27,2016,'Letni','Tenis',1003);
INSERT INTO Zapis_Sport VALUES (28,2016,'Letni','Tenis',1010);
INSERT INTO Zapis_Sport VALUES (29,2016,'Letni','Tenis',1011);
INSERT INTO Zapis_Sport VALUES (30,2016,'Letni','Fotbal',1008);
INSERT INTO Zapis_Sport VALUES (31,2016,'Letni','Fotbal',1009);
INSERT INTO Zapis_Sport VALUES (32,2016,'Letni','Fotbal',1010);
INSERT INTO Zapis_Sport VALUES (33,2016,'Letni','Fotbal',1011);

INSERT INTO Zaverecna_Prace VALUES ( 1,'aaa',NULL,1010,2000);
INSERT INTO Zaverecna_Prace VALUES ( 2,'bbb',NULL,1011,2000);
INSERT INTO Zaverecna_Prace VALUES ( 3,'ccc',NULL,1012,2001);
INSERT INTO Zaverecna_Prace VALUES ( 4,'ddd',NULL,1013,2004);
INSERT INTO Zaverecna_Prace VALUES ( 5,'eee',NULL,1014,2004);
INSERT INTO Zaverecna_Prace VALUES ( 6,'fff',NULL,1015,2004);
INSERT INTO Zaverecna_Prace VALUES ( 7,'ggg',NULL,1016,2008);
INSERT INTO Zaverecna_Prace VALUES ( 8,'hhh',NULL,1017,2008);
INSERT INTO Zaverecna_Prace VALUES ( 9,'iii',NULL,1018,2009);
INSERT INTO Zaverecna_Prace VALUES (10,'jjj',NULL,1019,2003);

INSERT INTO Vysledek VALUES (21,'A',90);
INSERT INTO Vysledek VALUES (22,'B',87);
INSERT INTO Vysledek VALUES (23,'C',76);
INSERT INTO Vysledek VALUES (24,'D',65);
INSERT INTO Vysledek VALUES (25,'F',43);
INSERT INTO Vysledek VALUES (26,'F',33);
INSERT INTO Vysledek VALUES (27,'F',34);
INSERT INTO Vysledek VALUES (28,'D',66);
INSERT INTO Vysledek VALUES (29,'E',54);
INSERT INTO Vysledek VALUES (30,'A',91);
INSERT INTO Vysledek VALUES (31,'A',90);
INSERT INTO Vysledek VALUES (32,'A',91);
INSERT INTO Vysledek VALUES (33,'F',34);
INSERT INTO Vysledek VALUES (34,'F',47);
INSERT INTO Vysledek VALUES (35,'F',12);
INSERT INTO Vysledek VALUES (36,'E',56);
INSERT INTO Vysledek VALUES (37,'D',67);
INSERT INTO Vysledek VALUES (38,'C',78);
INSERT INTO Vysledek VALUES (39,'B',89);
INSERT INTO Vysledek VALUES (40,'A',98);
INSERT INTO Vysledek VALUES (41,'C',76);
INSERT INTO Vysledek VALUES (42,'B',89);
INSERT INTO Vysledek VALUES (43,'F',12);
INSERT INTO Vysledek VALUES (44,'F',44);
INSERT INTO Vysledek VALUES (45,'E',56);
INSERT INTO Vysledek VALUES (46,'E',67);
INSERT INTO Vysledek VALUES (47,'A',90);
INSERT INTO Vysledek VALUES (48,'A',91);
INSERT INTO Vysledek VALUES (49,'A',94);
INSERT INTO Vysledek VALUES (50,'D',65);
INSERT INTO Vysledek VALUES (51,'F',34);
INSERT INTO Vysledek VALUES (52,'C',76);
INSERT INTO Vysledek VALUES (53,'A',92);
INSERT INTO Vysledek VALUES (54,'C',78);
INSERT INTO Vysledek VALUES (55,'A',98);
INSERT INTO Vysledek VALUES (56,'B',87);
INSERT INTO Vysledek VALUES (57,'C',76);
INSERT INTO Vysledek VALUES (58,'D',65);
INSERT INTO Vysledek VALUES (59,'B',89);
INSERT INTO Vysledek VALUES (60,'A',91);
INSERT INTO Vysledek VALUES (61,'A',99);
INSERT INTO Vysledek VALUES (62,'B',87);
INSERT INTO Vysledek VALUES (63,'A',94);
INSERT INTO Vysledek VALUES (64,'A',99);
INSERT INTO Vysledek VALUES (65,'F',32);
INSERT INTO Vysledek VALUES (66,'F',21);
INSERT INTO Vysledek VALUES (67,'F',10);
INSERT INTO Vysledek VALUES (68,'F',20);
INSERT INTO Vysledek VALUES (69,'F',13);
INSERT INTO Vysledek VALUES (70,'D',67);
INSERT INTO Vysledek VALUES (71,'E',59);
INSERT INTO Vysledek VALUES (72,'E',51);
INSERT INTO Vysledek VALUES (73,'C',78);
INSERT INTO Vysledek VALUES (74,'C',77);
INSERT INTO Vysledek VALUES (75,'B',89);
INSERT INTO Vysledek VALUES (76,'B',82);
INSERT INTO Vysledek VALUES (77,'A',97);
INSERT INTO Vysledek VALUES (78,'C',74);

begin
  -- naplníme hodnoty do sloupce NUM_ROWS v pohledu USER_TABLES (metadata v datovém slovníku)
  DBMS_STATS.GATHER_SCHEMA_STATS
    (ownname => user,
     estimate_percent => 100
    );
end;
/
SELECT TABLE_NAME,NUM_ROWS
FROM user_tables;
